{
  "dogs": {
    "name": "dogs",
    "embedding": [
      0.0,
      0.0,
      0.0,
      0.0,
      0.0,
      0.0,
      0.0,
      0.0,
      0.0,
      0.0,
      0.3535534112937004,
      0.0,
      0.0,
      0.0,
      0.0,
      0.0,
      0.0,
      0.3535534112937004,
      0.0,
      0.0,
      0.0,
      0.0,
      0.0,
      0.0,
      0.0,
      0.0,
      0.0,
      0.0,
      0.0,
      0.0,
      0.0,
      0.0,
      0.0,
      0.0,
      0.0,
      0.0,
      0.0,
      0.0,
      0.0,
      0.0,
      0.0,
      0.0,
      0.0,
      0.0,
      0.0,
      0.0,
      0.0,
      0.0,
      0.0,
      0.0,
      0.0,
      0.0,
      0.0,
      0.0,
      0.3535534112937004,
      0.0,
      0.0,
      0.0,
      0.0,
      0.0,
      0.0,
      0.0,
      0.3535534112937004,
      0.0,
      0.0530058523900155,
      -0.07058088306822816,
      -0.04730255628213287,
      0.1121729642520845,
      -0.018742302995433568,
      -0.07801584498049693,
      -0.2000027306449041,
      0.07742660271180796,
      0.25675509868483987,
      0.048006754620848226,
      0.03511776534035337,
      0.21715936904765668,
      0.06232590651287698,
      -0.026081550719719383,
      0.16030269474148753,
      -0.21254715503472835,
      0.2606054336909577,
      0.09320955639733003,
      0.010509397912845019,
      0.08566020949993283,
      -0.15464501234691594,
      -0.0904137181949243,
      -0.050131815726691856,
      -0.09808219376711176,
      -0.10818703576367349,
      -0.15193721723169087,
      -0.01810438063964481,
      -0.08359334537638351,
      0.025392582396925427,
      0.0648186184218619,
      0.016062285484126772,
      -0.038566606588317086,
      0.03956235605834984,
      -0.019829429968753837,
      0.004371073754572428,
      -0.007624563190229236,
      0.028409552719052884,
      -0.07622076129896102,
      -1.5011500660330572e-05,
      0.03295595853854554,
      -0.01188951167538762,
      0.042640832419632936,
      -0.04768862998312633,
      -0.021900560485776516,
      0.004490823714614381,
      -0.002855587054942734,
      -0.0071462754712253804,
      0.0043369567408546575
    ],
    "example_contexts": [
      "Dogs are loyal animals",
      "Dogs are animals"
    ],
    "usage_count": 6,
    "success_rate": 0.5
  },
  "cats": {
    "name": "cats",
    "embedding": [
      0.0,
      0.0,
      0.0,
      0.0,
      0.3535533887892962,
      0.0,
      0.0,
      0.0,
      0.0,
      0.0,
      0.3535533887892962,
      0.0,
      0.0,
      0.0,
      0.0,
      0.0,
      0.0,
      0.0,
      0.0,
      0.0,
      0.0,
      0.0,
      0.0,
      0.0,
      0.0,
      0.0,
      0.0,
      0.0,
      0.0,
      0.0,
      0.0,
      0.0,
      0.0,
      0.0,
      0.0,
      0.0,
      0.0,
      0.0,
      0.0,
      0.0,
      0.0,
      0.0,
      0.0,
      0.0,
      0.0,
      0.0,
      0.0,
      0.0,
      0.0,
      0.0,
      0.0,
      0.0,
      0.0,
      0.0,
      0.0,
      0.3535533887892962,
      0.0,
      0.0,
      0.0,
      0.3535533887892962,
      0.0,
      0.0,
      0.0,
      0.0,
      -0.041967781065031885,
      0.032591014704667035,
      -0.0697237365320325,
      -0.02375140773598105,
      0.07726428044959903,
      -0.03655311092734337,
      -0.07413368588313461,
      -0.08066076857969165,
      0.07995736945420504,
      0.06721052546985448,
      0.24368756640702485,
      -0.01552224820945412,
      0.018417409118264914,
      0.09859408456832171,
      0.04448353157378734,
      0.0066325626836624,
      0.051853981660678984,
      0.21807592760771516,
      -0.13619108583778144,
      0.16783821485936642,
      0.1912456886097789,
      -0.18557417143136265,
      0.06721705494448543,
      -0.0012780311756068843,
      0.0007518664428789634,
      -0.20571025360375644,
      0.11821457697078586,
      -0.09451054321601987,
      -0.004817841074545868,
      -0.08445204326882959,
      0.1820347582548857,
      0.25848269414156677,
      0.03690819688374177,
      0.05240730400430039,
      -0.02309744887985289,
      -0.061216056882403794,
      0.06341286520473659,
      -0.0143545790668577,
      -0.05451693141832948,
      -0.012211226755753162,
      0.05108888148330152,
      0.0004710451187565929,
      -0.02158505717292428,
      0.016802545906975868,
      -0.0062460597371682535,
      0.05410881130315829,
      -0.009998745229095222,
      0.04549791375175118
    ],
    "example_contexts": [
      "Cats are independent pets"
    ],
    "usage_count": 3,
    "success_rate": 0.5
  },
  "elephants": {
    "name": "elephants",
    "embedding": [
      0.0,
      0.0,
      0.0,
      0.19611613336950542,
      0.0,
      0.0,
      0.0,
      0.0,
      0.0,
      0.0,
      0.19611613336950542,
      0.0,
      0.0,
      0.0,
      0.0,
      0.0,
      0.0,
      0.0,
      0.0,
      0.0,
      0.0,
      0.0,
      0.0,
      0.0,
      0.0,
      0.0,
      0.0,
      0.0,
      0.0,
      0.0,
      0.0,
      0.0,
      0.0,
      0.0,
      0.0,
      0.0,
      0.39223226673901085,
      0.0,
      0.0,
      0.0,
      0.0,
      0.0,
      0.0,
      0.0,
      0.0,
      0.0,
      0.39223226673901085,
      0.0,
      0.0,
      0.0,
      0.0,
      0.0,
      0.0,
      0.0,
      0.0,
      0.19611613336950542,
      0.0,
      0.0,
      0.0,
      0.19611613336950542,
      0.0,
      0.0,
      0.19611613336950542,
      0.0,
      -0.04234157950617373,
      -0.21789801120758057,
      -0.03240386659745127,
      0.07187682830728591,
      -0.029876574533991517,
      -0.07901198150590064,
      -0.01041626264108345,
      0.057311845207586885,
      0.09935435837134719,
      0.11975222278386355,
      0.09459900474175811,
      0.021256804829463363,
      -0.07714466188102961,
      -0.14069739876315,
      -0.055916122673079376,
      -0.19720078233629468,
      0.0039730800117831686,
      0.20676795594394207,
      -0.07981251057237387,
      0.21439021337777378,
      0.1110500519350171,
      -0.23020599309355022,
      -0.0033840585744474086,
      0.05603811482898891,
      -0.07334551627747715,
      -0.1574427532404661,
      0.0049372391984798016,
      -0.1421158658526838,
      -0.014392538701649756,
      0.0761408724449575,
      0.15957421991974116,
      0.1430113316141069,
      0.030279042308793584,
      0.09560142673552036,
      0.020517368097789587,
      -0.03095178779680282,
      0.08634951055981219,
      -0.012774320296011867,
      -0.047111959559842945,
      0.01345554937797715,
      0.07236205194378272,
      0.08444605846656487,
      -0.032589969048276546,
      -0.0026213239133357994,
      0.09047826148336753,
      -0.03598324935883284,
      -0.02739852795610205,
      -0.0037318062619306146
    ],
    "example_contexts": [
      "Elephants are large mammals"
    ],
    "usage_count": 3,
    "success_rate": 0.5
  }
}