{
  "dogs": {
    "name": "dogs",
    "embedding": [
      0.0,
      0.0,
      0.0,
      0.0,
      0.0,
      0.0,
      0.0,
      0.0,
      0.0,
      0.0,
      0.35355341045779665,
      0.0,
      0.0,
      0.0,
      0.0,
      0.0,
      0.0,
      0.35355341045779665,
      0.0,
      0.0,
      0.0,
      0.0,
      0.0,
      0.0,
      0.0,
      0.0,
      0.0,
      0.0,
      0.0,
      0.0,
      0.0,
      0.0,
      0.0,
      0.0,
      0.0,
      0.0,
      0.0,
      0.0,
      0.0,
      0.0,
      0.0,
      0.0,
      0.0,
      0.0,
      0.0,
      0.0,
      0.0,
      0.0,
      0.0,
      0.0,
      0.0,
      0.0,
      0.0,
      0.0,
      0.35355341045779665,
      0.0,
      0.0,
      0.0,
      0.0,
      0.0,
      0.0,
      0.0,
      0.35355341045779665,
      0.0,
      0.053167187849640196,
      -0.0707957116062009,
      -0.04744653234296889,
      0.11251438886300773,
      -0.01879934932055397,
      -0.07825330366297684,
      -0.20061148276011312,
      0.07766226782811714,
      0.2575365896023433,
      0.04815287335723369,
      0.035224654141997505,
      0.2178203405683257,
      0.06251560925383857,
      -0.026160935980693814,
      0.1607906134366155,
      -0.21319408886668273,
      0.2613986411221962,
      0.0934932606026931,
      0.010541385638625177,
      0.08592093565507868,
      -0.15511570831779656,
      -0.09068891299728715,
      -0.050284403357315904,
      -0.09838072913355214,
      -0.10851632714492493,
      -0.152399673088184,
      -0.01815948557036559,
      -0.08384778082589339,
      0.025469870184124867,
      0.06501590807409445,
      0.016111174573005507,
      -0.03868399282259895,
      0.025745811544565768,
      -0.010576318950261275,
      -0.0054486331186078185,
      0.005008018847056851,
      0.022075243563409713,
      -0.07507564099849218,
      0.0025968037167182186,
      0.029278229251835007,
      -0.011427756803359836,
      0.03773128303344651,
      -0.050200100574070546,
      -0.015824948763681766,
      0.017642804991677336,
      -0.002753157946189539,
      -0.0029977600949507204,
      0.007472763761545388
    ],
    "example_contexts": [
      "Dogs are loyal animals",
      "Dogs are animals"
    ],
    "usage_count": 8,
    "success_rate": 0.5
  },
  "cats": {
    "name": "cats",
    "embedding": [
      0.0,
      0.0,
      0.0,
      0.0,
      0.3535533905997873,
      0.0,
      0.0,
      0.0,
      0.0,
      0.0,
      0.3535533905997873,
      0.0,
      0.0,
      0.0,
      0.0,
      0.0,
      0.0,
      0.0,
      0.0,
      0.0,
      0.0,
      0.0,
      0.0,
      0.0,
      0.0,
      0.0,
      0.0,
      0.0,
      0.0,
      0.0,
      0.0,
      0.0,
      0.0,
      0.0,
      0.0,
      0.0,
      0.0,
      0.0,
      0.0,
      0.0,
      0.0,
      0.0,
      0.0,
      0.0,
      0.0,
      0.0,
      0.0,
      0.0,
      0.0,
      0.0,
      0.0,
      0.0,
      0.0,
      0.0,
      0.0,
      0.3535533905997873,
      0.0,
      0.0,
      0.0,
      0.3535533905997873,
      0.0,
      0.0,
      0.0,
      0.0,
      -0.04182845504116267,
      0.03248281825101003,
      -0.06949226589500905,
      -0.023672557089943442,
      0.077007777037099,
      -0.03643176085315645,
      -0.07388757466338576,
      -0.08039298858679832,
      0.07969192513078452,
      0.06698739853594453,
      0.24287856448069214,
      -0.015470717004034669,
      0.01835626663081348,
      0.09826676918193698,
      0.04433585377130658,
      0.006610543719376438,
      0.05168183517176658,
      0.21735195242986086,
      -0.1357389552779496,
      0.1672810203060508,
      0.19061078603193166,
      -0.18495809695497156,
      0.0669939060341567,
      -0.0012737883411464285,
      0.0007493703695508884,
      -0.20502733125165107,
      0.11782212643884123,
      -0.09419678501226009,
      -0.0048018466313951656,
      -0.08417167689837515,
      0.1814304348304868,
      0.2576245772950352,
      0.030428278658771894,
      0.052112250843318185,
      -0.027160406299866737,
      -0.041111001295503234,
      0.05070396605413407,
      0.0025016425931826194,
      -0.044691100196912886,
      -0.009595993930473926,
      0.044595005373470484,
      -0.0023065295438282184,
      -0.027245402144268155,
      0.01996254656556994,
      -0.010726045833434911,
      0.04798021842149319,
      -0.003204451264813543,
      0.045967473750934004
    ],
    "example_contexts": [
      "Cats are independent pets"
    ],
    "usage_count": 4,
    "success_rate": 0.5
  },
  "elephants": {
    "name": "elephants",
    "embedding": [
      0.0,
      0.0,
      0.0,
      0.19611613385751844,
      0.0,
      0.0,
      0.0,
      0.0,
      0.0,
      0.0,
      0.19611613385751844,
      0.0,
      0.0,
      0.0,
      0.0,
      0.0,
      0.0,
      0.0,
      0.0,
      0.0,
      0.0,
      0.0,
      0.0,
      0.0,
      0.0,
      0.0,
      0.0,
      0.0,
      0.0,
      0.0,
      0.0,
      0.0,
      0.0,
      0.0,
      0.0,
      0.0,
      0.3922322677150369,
      0.0,
      0.0,
      0.0,
      0.0,
      0.0,
      0.0,
      0.0,
      0.0,
      0.0,
      0.3922322677150369,
      0.0,
      0.0,
      0.0,
      0.0,
      0.0,
      0.0,
      0.0,
      0.0,
      0.19611613385751844,
      0.0,
      0.0,
      0.0,
      0.19611613385751844,
      0.0,
      0.0,
      0.19611613385751844,
      0.0,
      -0.04243107403535396,
      -0.21835856996476652,
      -0.03247235658811405,
      0.07202875060681255,
      -0.029939722848590464,
      -0.07917898448742927,
      -0.010438278818270192,
      0.057432981383986774,
      0.09956435764394701,
      0.12000533575937153,
      0.09479895337484778,
      0.02130173412244767,
      -0.07730771784111859,
      -0.14099478202126922,
      -0.05603430894669146,
      -0.19761759503558282,
      0.003981477631838062,
      0.2072049863114953,
      -0.07998120562359691,
      0.2148433578051627,
      0.11128477173671127,
      -0.2306925660260022,
      -0.0033912112562684347,
      0.0561565592577681,
      -0.07350054158549757,
      -0.15777553071826697,
      0.004947674763621763,
      -0.1424162463452667,
      -0.01442295923526399,
      0.07630180645175279,
      0.1599115026779473,
      0.14331360650621355,
      0.016692233929275976,
      0.09338403473421931,
      0.01881781449937262,
      -0.012997904025483877,
      0.07506548717897385,
      -0.009736726551782341,
      -0.040240020957775416,
      0.015122619475077955,
      0.0663606286777649,
      0.08051770912739449,
      -0.03070632825046778,
      -0.00032613552920520263,
      0.0829311191716697,
      -0.027316533792763956,
      -0.021223602904239677,
      -0.001303504282841459
    ],
    "example_contexts": [
      "Elephants are large mammals"
    ],
    "usage_count": 4,
    "success_rate": 0.5
  },
  "sydney": {
    "name": "Sydney",